<?xml version="1.0" encoding="UTF-8"?>
<project-private xmlns="http://www.netbeans.org/ns/project-private/1">
    <editor-bookmarks xmlns="http://www.netbeans.org/ns/editor-bookmarks/2" lastBookmarkId="0"/>
    <open-files xmlns="http://www.netbeans.org/ns/projectui-open-files/2">
        <group>
            <file>file:/C:/Users/Naga%20Sreeja/Documents/NetBeansProjects/FinalPr/src/Final_project/NewFXMain.java</file>
            <file>file:/C:/Users/Naga%20Sreeja/Documents/NetBeansProjects/FinalPr/src/Final_project/Book.java</file>
            <file>file:/C:/Users/Naga%20Sreeja/Documents/NetBeansProjects/FinalPr/src/Final_project/BookStoreApp.java</file>
            <file>file:/C:/Users/Naga%20Sreeja/Documents/NetBeansProjects/FinalPr/src/Final_project/FileIO.java</file>
            <file>file:/C:/Users/Naga%20Sreeja/Documents/NetBeansProjects/FinalPr/src/Final_project/FXLogin.java</file>
        </group>
    </open-files>
</project-private>
